sha256,file_type,tlsh_hash,calculated_time
1dd4e49b7c3099c66edbb99d4d44ef594998908bde9b131df77b750aa72ea1b7,exe,T1171519027E44CF52F0191233C2EF454887B0A9516AA6E72B7DBA377E55123973C0DAEB,2025-07-22T16:06:38.461860
1f3c77c33691626963a381711d31b2479d0aed92508e3f89a7ce88eeae49a522,exe,T13E35235532D44466DC2CD9B3C82F1B3AB9E9878831F8974B2B252E54D9C41AD6C3C3EB,2025-07-22T16:06:38.466863
5e4a8146d3db3fbc22f60e7fb488dfe081683acba32abbf5a22779b606322a26,exe,T1C0A35D20679C9F19EAFD1B74B4B2012043F1E08A9091FB4B4DC164E71FA7B866957EF2,2025-07-22T16:06:38.467864
89b5724cc6f47227d806e6383d1da6534f28e1d3be5a914c89d3fe2689c6a1f8,exe,T1D32523507304DD12ED999FB845E0E77102B1AE88F513F3174CEAACAB7DD2B917E1428A,2025-07-22T16:06:38.469243
ad4df581bd3f56d935835df8d34a4d8b80806e3b1a4346beb021af3be7873e4f,exe,T15563708235B22239DF96C4379952C8B68D3A7F62173EC53D68A2FE3A25F07547846D30,2025-07-22T16:06:38.469243
068ceb2800e734fa81313bceb7d745fd7a238d189d084ef3a585950ed98c6b2e,exe,T111463319E7E805FAE4A7E5BA8C174A12E7727C4507B18F4F13B4A65A2F132E09C3DB50,2025-07-22T16:31:14.116560
6a3f60fc343b6e6696059d94b6db19bacbb5cbf0821d964c7cff99865b11ae52,exe,T107643A89D71361B5FA8705F89299E3FB4B381A23C328CDC7DB54EF505A53BE2507068A,2025-07-22T16:31:14.119193
8bbb9d145a516df1da43ecaa97efa6fd0ec63a2f7a7de4d378bf3c71282041fb,exe,T1822523C350B101FAD9F13DB2BBAA45537ABE5132A6F55E16C00C0E3FD2E24A6E71125B,2025-07-22T16:31:14.120689
adbf543df72527fb7556bba9d33c47323051516613b32e4706d2e62216bffb5d,exe,T15F54CF35A181857AC1220936585BD3BAF53AFF041B7C58CFB7DD0E2C9D2334A2B2539A,2025-07-22T16:31:14.125986
c20f7b0e314853060d5437e1347a56aac9401279cee9ceacc152be9406abc4fd,exe,T192352360A8948932C3F07731D0374EE2A99DBA32DD957B3A275EF3456432A47446273F,2025-07-22T16:31:14.130992
4be47573054c81de0030a74f1746edce6fc578386b6b61ad45a114a2cb946725,exe,T1409733892B4914D6F88701798147E6356BB2BEB20374C55E47E80D173BA72D4BE3AFC2,2025-07-22T16:43:24.170772
34815fc9badaa5b7ef9b8394a1aa00bbf98917382f565e9b782293f0e623b5a3,exe,T15FE4E11127E4892BEEAE13B4F5B0161027B4F54BA561EB8A78CC15FA9F6334059133BF,2025-07-22T16:52:22.643909
67559021bb3b13bef30226a052dd097156aa998543f4a3689649f4e00de86686,exe,T1E6A4232267F241E1D160A13EED319596DF7071AA173C078F72BE89A61B233129B1D3F9,2025-07-22T17:06:54.625538
a8e9f0da26a3d6729e744a6ea566c4fd4e372ceb4b2e7fc01d08844bfc5c3abb,exe,T12A447013AB78118AFB93C0B9759BE023E137744C11E8D67F1614C2292F5B66374F8BA9,2025-07-22T17:06:54.627804
af429c283dcd245b61dd36bc463f32b80d12e88bcb2db1fa4ccf252756ee7287,exe,T18DA4232257F241F2E160A13EEC329586DF70B19A173C478F76A985A71B233119B193F9,2025-07-22T17:06:54.629806
